tweet_id,company,date,username,text,replies,reposts,likes,bookmarks,views,comment_count,total_engagement,main_sentiment,avg_comment_sentiment
1895323042286567440,samsung,2025-04-09,SamsungMobile,series offers enhanced convenience on the series,32,28,269,11,35685,50,340,0.1,0.17326767676767676
1896062921077375472,samsung,2025-04-09,SamsungMobile,samsung marks a step forward with ai for everyone by introducing the new g g and g,97,61,482,20,50063,79,660,0.13636363636363635,-0.014493676717702691
1897497432537358622,samsung,2025-04-09,SamsungMobile,world sleep day recovering from daylight savings may take more than three weeks youngest hit hardest,34,20,174,8,36842,10,236,0.5,0.033484848484848485
1900177650213412984,samsung,2025-04-09,SamsungMobile,vanessa hill a sleep scientist explores how technology improves sleep with healthy routines and innovations she sees a future where everyone has quality sleep,29,13,184,12,35346,59,238,0.25,-0.0159090909090909
1907405936110776355,samsung,2025-04-09,SamsungMobile,samsung announced the new fe and galaxy tab s fe see how the new galaxy tab s fe series boosts your everyday tasks with intelligent features that come to life with stunning clarity on a big vibrant screen,31,32,275,6,35941,42,344,0.21991341991341992,0.10601926217057796
1909598818976608442,samsung,2025-04-09,SamsungMobile,samsung and collaborate to advance sleep apnea detection and beyond,70,28,244,11,28568,134,353,0.0,0.05020675841571365
1878804210986479685,samsung,2025-04-10,SamsungMobile,samsung leads sleep technology with expansion and app update,33,74,559,16,63357,10,682,0.0,0.1562777777777778
1881763856546169194,samsung,2025-04-10,SamsungMobile,d ready to meet your true ai companion visit the space and discover how enriches your daily life doors open tomorrow,98,208,1798,37,93175,167,2141,0.1375,0.09952192431224689
1895323042286567440,samsung,2025-04-10,SamsungMobile,series offers enhanced convenience on the series,32,28,269,11,35797,10,340,0.1,0.09820707070707071
1896062921077375472,samsung,2025-04-10,SamsungMobile,samsung marks a step forward with ai for everyone by introducing the new g g and g,98,61,482,20,50216,49,661,0.13636363636363635,-0.015109171758107921
1897497432537358622,samsung,2025-04-10,SamsungMobile,world sleep day recovering from daylight savings may take more than three weeks youngest hit hardest,34,20,174,8,37009,10,236,0.5,0.033484848484848485
1900177650213412984,samsung,2025-04-10,SamsungMobile,vanessa hill a sleep scientist explores how technology improves sleep with healthy routines and innovations she sees a future where everyone has quality sleep,30,13,183,12,35587,59,238,0.25,-0.0159090909090909
1907405936110776355,samsung,2025-04-10,SamsungMobile,samsung announced the new fe and galaxy tab s fe see how the new galaxy tab s fe series boosts your everyday tasks with intelligent features that come to life with stunning clarity on a big vibrant screen,33,32,276,6,36541,50,347,0.21991341991341992,0.1384659483029048
1909598818976608442,samsung,2025-04-10,SamsungMobile,samsung and collaborate to advance sleep apnea detection and beyond,78,30,254,11,30475,140,373,0.0,0.06074014833206009
1878804210986479685,samsung,2025-04-11,SamsungMobile,samsung leads sleep technology with expansion and app update,33,74,559,16,63368,10,682,0.0,0.1562777777777778
1881763856546169194,samsung,2025-04-11,SamsungMobile,d ready to meet your true ai companion visit the space and discover how enriches your daily life doors open tomorrow,98,208,1799,37,93198,164,2142,0.1375,0.08970985702893597
1895323042286567440,samsung,2025-04-11,SamsungMobile,series offers enhanced convenience on the series,33,29,270,11,35980,15,343,0.1,0.04660774410774411
1896062921077375472,samsung,2025-04-11,SamsungMobile,samsung marks a step forward with ai for everyone by introducing the new g g and g,99,61,482,20,50450,79,662,0.13636363636363635,0.011019900614056454
1897497432537358622,samsung,2025-04-11,SamsungMobile,world sleep day recovering from daylight savings may take more than three weeks youngest hit hardest,35,20,174,8,37256,10,237,0.5,0.045984848484848496
1900177650213412984,samsung,2025-04-11,SamsungMobile,vanessa hill a sleep scientist explores how technology improves sleep with healthy routines and innovations she sees a future where everyone has quality sleep,31,13,184,12,35934,70,240,0.25,-0.024326923076923072
1907405936110776355,samsung,2025-04-11,SamsungMobile,samsung announced the new fe and galaxy tab s fe see how the new galaxy tab s fe series boosts your everyday tasks with intelligent features that come to life with stunning clarity on a big vibrant screen,34,32,279,6,37391,56,351,0.21991341991341992,0.10870580808080807
1909598818976608442,samsung,2025-04-11,SamsungMobile,samsung and collaborate to advance sleep apnea detection and beyond,84,29,257,11,32448,100,381,0.0,0.07309650072150073
1878804210986479685,samsung,2025-04-12,SamsungMobile,samsung leads sleep technology with expansion and app update,33,75,561,16,63390,10,685,0.0,0.1562777777777778
1881763856546169194,samsung,2025-04-12,SamsungMobile,d ready to meet your true ai companion visit the space and discover how enriches your daily life doors open tomorrow,97,208,1799,37,93237,153,2141,0.1375,0.07032391850573669
1895323042286567440,samsung,2025-04-12,SamsungMobile,series offers enhanced convenience on the series,33,29,271,11,36194,15,344,0.1,0.04660774410774411
1896062921077375472,samsung,2025-04-12,SamsungMobile,samsung marks a step forward with ai for everyone by introducing the new g g and g,100,61,484,20,50715,79,665,0.13636363636363635,0.00836346613944016
1897497432537358622,samsung,2025-04-12,SamsungMobile,world sleep day recovering from daylight savings may take more than three weeks youngest hit hardest,35,20,174,8,37535,10,237,0.5,0.045984848484848496
1900177650213412984,samsung,2025-04-12,SamsungMobile,vanessa hill a sleep scientist explores how technology improves sleep with healthy routines and innovations she sees a future where everyone has quality sleep,33,13,184,12,36304,57,242,0.25,-0.029402515723270434
1907405936110776355,samsung,2025-04-12,SamsungMobile,samsung announced the new fe and galaxy tab s fe see how the new galaxy tab s fe series boosts your everyday tasks with intelligent features that come to life with stunning clarity on a big vibrant screen,34,32,281,6,38360,37,353,0.21991341991341992,0.10650978900978901
1909598818976608442,samsung,2025-04-12,SamsungMobile,samsung and collaborate to advance sleep apnea detection and beyond,96,31,262,12,34285,142,401,0.0,0.020609787475596303
1878804210986479685,samsung,2025-04-13,SamsungMobile,samsung leads sleep technology with expansion and app update,33,75,561,16,63395,10,685,0.0,0.17364197530864198
1881763856546169194,samsung,2025-04-13,SamsungMobile,d ready to meet your true ai companion visit the space and discover how enriches your daily life doors open tomorrow,97,209,1798,37,93243,152,2141,0.1375,0.07894553437106629
1895323042286567440,samsung,2025-04-13,SamsungMobile,series offers enhanced convenience on the series,33,29,271,11,36267,10,344,0.1,0.09820707070707071
1896062921077375472,samsung,2025-04-13,SamsungMobile,samsung marks a step forward with ai for everyone by introducing the new g g and g,101,61,483,20,50805,48,665,0.13636363636363635,0.013040628855846243
1897497432537358622,samsung,2025-04-13,SamsungMobile,world sleep day recovering from daylight savings may take more than three weeks youngest hit hardest,35,20,174,8,37636,10,237,0.5,0.045984848484848496
1900177650213412984,samsung,2025-04-13,SamsungMobile,vanessa hill a sleep scientist explores how technology improves sleep with healthy routines and innovations she sees a future where everyone has quality sleep,33,13,183,12,36448,61,241,0.25,-0.0273391812865497
1907405936110776355,samsung,2025-04-13,SamsungMobile,samsung announced the new fe and galaxy tab s fe see how the new galaxy tab s fe series boosts your everyday tasks with intelligent features that come to life with stunning clarity on a big vibrant screen,34,32,280,6,38683,58,352,0.21991341991341992,0.09258794845001742
1909598818976608442,samsung,2025-04-13,SamsungMobile,samsung and collaborate to advance sleep apnea detection and beyond,98,31,263,12,34886,163,404,0.0,0.055245471089420135
1878804210986479685,samsung,2025-04-14,SamsungMobile,samsung leads sleep technology with expansion and app update,33,75,560,16,63417,10,684,0.0,0.17364197530864198
1881763856546169194,samsung,2025-04-14,SamsungMobile,d ready to meet your true ai companion visit the space and discover how enriches your daily life doors open tomorrow,97,209,1795,37,93285,85,2138,0.1375,0.0817055422647528
1895323042286567440,samsung,2025-04-14,SamsungMobile,series offers enhanced convenience on the series,33,30,272,11,36517,9,346,0.1,0.048007856341189675
1896062921077375472,samsung,2025-04-14,SamsungMobile,samsung marks a step forward with ai for everyone by introducing the new g g and g,101,61,484,20,51114,48,666,0.13636363636363635,0.021736281029759292
1900177650213412984,samsung,2025-04-14,SamsungMobile,vanessa hill a sleep scientist explores how technology improves sleep with healthy routines and innovations she sees a future where everyone has quality sleep,33,13,184,13,36978,15,243,0.25,-0.027827380952380944
1907405936110776355,samsung,2025-04-14,SamsungMobile,samsung announced the new fe and galaxy tab s fe see how the new galaxy tab s fe series boosts your everyday tasks with intelligent features that come to life with stunning clarity on a big vibrant screen,38,34,283,5,40099,18,360,0.21991341991341992,0.12743125701459035
1909598818976608442,samsung,2025-04-14,SamsungMobile,samsung and collaborate to advance sleep apnea detection and beyond,119,32,265,15,37976,136,431,0.0,0.051813906258350695
1895323042286567440,samsung,2025-04-15,SamsungMobile,series offers enhanced convenience on the series,33,30,272,12,36862,9,347,0.1,0.048007856341189675
1896062921077375472,samsung,2025-04-15,SamsungMobile,samsung marks a step forward with ai for everyone by introducing the new g g and g,102,61,484,21,51571,67,668,0.13636363636363635,0.031092181111712365
1900177650213412984,samsung,2025-04-15,SamsungMobile,vanessa hill a sleep scientist explores how technology improves sleep with healthy routines and innovations she sees a future where everyone has quality sleep,32,13,184,13,37703,14,242,0.25,-0.02996794871794871
1907405936110776355,samsung,2025-04-15,SamsungMobile,samsung announced the new fe and galaxy tab s fe see how the new galaxy tab s fe series boosts your everyday tasks with intelligent features that come to life with stunning clarity on a big vibrant screen,40,34,283,5,41721,44,362,0.21991341991341992,0.0943101469237833
1909598818976608442,samsung,2025-04-15,SamsungMobile,samsung and collaborate to advance sleep apnea detection and beyond,122,32,267,15,40936,164,436,0.0,0.04284022568184059
1878804210986479685,samsung,2025-04-16,SamsungMobile,samsung leads sleep technology with expansion and app update,33,75,561,16,63451,17,685,0.0,0.08529629629629629
1881763856546169194,samsung,2025-04-16,SamsungMobile,d ready to meet your true ai companion visit the space and discover how enriches your daily life doors open tomorrow,97,209,1795,37,93354,78,2138,0.1375,0.09810643638768639
1895323042286567440,samsung,2025-04-16,SamsungMobile,series offers enhanced convenience on the series,33,30,272,12,37009,28,347,0.1,0.03977047258297258
1896062921077375472,samsung,2025-04-16,SamsungMobile,samsung marks a step forward with ai for everyone by introducing the new g g and g,102,61,485,21,51766,27,669,0.13636363636363635,0.04840356831097572
1907405936110776355,samsung,2025-04-16,SamsungMobile,samsung announced the new fe and galaxy tab s fe see how the new galaxy tab s fe series boosts your everyday tasks with intelligent features that come to life with stunning clarity on a big vibrant screen,42,34,284,5,42383,31,365,0.21991341991341992,0.07801075268817205
1909598818976608442,samsung,2025-04-16,SamsungMobile,samsung and collaborate to advance sleep apnea detection and beyond,122,32,268,15,42003,82,437,0.0,0.0491259695165945
1895323042286567440,samsung,2025-04-17,SamsungMobile,series offers enhanced convenience on the series,33,31,273,12,37055,27,349,0.1,0.08275579872802094
1896062921077375472,samsung,2025-04-17,SamsungMobile,samsung marks a step forward with ai for everyone by introducing the new g g and g,101,61,485,21,51835,26,668,0.13636363636363635,0.04307992932992934
1907405936110776355,samsung,2025-04-17,SamsungMobile,samsung announced the new fe and galaxy tab s fe see how the new galaxy tab s fe series boosts your everyday tasks with intelligent features that come to life with stunning clarity on a big vibrant screen,42,34,285,5,42617,31,366,0.21991341991341992,0.07427989573150863
1909598818976608442,samsung,2025-04-17,SamsungMobile,samsung and collaborate to advance sleep apnea detection and beyond,122,32,267,15,42337,83,436,0.0,0.04220634475264104
1878804210986479685,samsung,2025-04-18,SamsungMobile,samsung leads sleep technology with expansion and app update,33,75,559,16,63468,10,683,0.0,0.17364197530864195
1881763856546169194,samsung,2025-04-18,SamsungMobile,d ready to meet your true ai companion visit the space and discover how enriches your daily life doors open tomorrow,97,209,1793,37,93386,113,2136,0.1375,0.1151585977732767
1895323042286567440,samsung,2025-04-18,SamsungMobile,series offers enhanced convenience on the series,33,31,273,12,37166,9,349,0.1,0.048007856341189675
1896062921077375472,samsung,2025-04-18,SamsungMobile,samsung marks a step forward with ai for everyone by introducing the new g g and g,101,60,484,21,51976,54,666,0.13636363636363635,0.018685123881202314
1907405936110776355,samsung,2025-04-18,SamsungMobile,samsung announced the new fe and galaxy tab s fe see how the new galaxy tab s fe series boosts your everyday tasks with intelligent features that come to life with stunning clarity on a big vibrant screen,42,34,286,5,43042,45,367,0.21991341991341992,0.08491133557800225
1909598818976608442,samsung,2025-04-18,SamsungMobile,samsung and collaborate to advance sleep apnea detection and beyond,122,32,268,15,42926,121,437,0.0,0.05217527881722797
1897050446113747118,apple,2025-04-09,theapplehub,old vs new,396,520,8719,339,583960,404,9974,0.11818181818181818,0.0888121856753186
1897287137604817350,apple,2025-04-09,theapplehub,apple has launched the new m macbook air with a new sky blue color now starting at you can order today and will be available on march,128,962,9243,569,544875,188,10902,0.13454545454545455,0.07404949453955136
1897297936473841895,apple,2025-04-09,theapplehub,apple has officially discontinued the m and m macbook air,72,222,4196,144,289593,66,4634,0.0,0.08672572499185402
1899137596342915423,apple,2025-04-09,theapplehub,its going to be a big year for the iphone,333,318,5595,298,460941,439,6544,0.0,-0.05066793396651589
1899324377222754798,apple,2025-04-09,theapplehub,ios will reportedly introduce the biggest design change since ios source,293,597,8289,403,530534,444,9582,0.0,0.07825016127002109
1900268631302561880,apple,2025-04-09,theapplehub,what is your iphones battery health,1267,589,6520,477,1860519,281,8853,0.0,0.07233247550170627
1900644023263785029,apple,2025-04-09,theapplehub,how many apple watch models have you owned,723,672,5873,690,597296,432,7958,0.5,0.1097018030513176
1901104788986884366,apple,2025-04-09,theapplehub,iphone users would you ever switch to an android phone,1974,442,6896,469,971636,458,9781,0.0,0.05430377420293444
1901366641205883040,apple,2025-04-09,theapplehub,iphone air latest details would you buy one source,483,580,6245,607,618248,372,7915,0.5,0.07030935096535391
1902070769057984962,apple,2025-04-09,theapplehub,iphone pro latest details and sizes a chip nm gb of ram new rectangular camera design three mp rear cameras source analyst jeff pu,314,685,8209,653,632780,372,9861,0.3181818181818182,0.03498465265109287
1902821171281924441,apple,2025-04-09,theapplehub,apple is reportedly losing billion annually on apple tv are you subscribed to apple tv source,372,187,3502,172,371405,441,4233,0.0,0.13667031252500358
1904599592739787142,apple,2025-04-09,theapplehub,apple has officially announced set to start on june apple is expected to introduce ios at the event,76,457,4960,183,250694,151,5676,-0.1,0.18335671462487044
1905416454033534977,apple,2025-04-09,theapplehub,iphone pro vs the rumored iphone pro design,225,387,5508,327,472330,302,6447,0.0,-0.01147979486988107
1905530532047593835,apple,2025-04-09,theapplehub,what new features do you want to see in ios,457,217,4898,151,414889,348,5723,0.13636363636363635,0.09472856904999762
1906767774351077666,apple,2025-04-09,theapplehub,these are the new emoji available today with ios which one is your favorite,272,629,5847,352,444019,203,7100,0.34545454545454546,0.05615034030140982
1906886073839743256,apple,2025-04-09,theapplehub,ios will reportedly support these iphone models the iphone xs iphone xs max and iphone xr will not be supported,468,2717,18287,1168,1315012,344,22640,0.0,0.08747346058749568
1907100695549059510,apple,2025-04-09,theapplehub,today apple has introduced a new sky blue color for the iphone pro and iphone pro max you can order the new color on april th and will be available on april th now make sure to check the alttext on the image,254,702,7465,459,536153,101,8880,0.2595454545454546,0.11086933356287992
1908308060239786068,apple,2025-04-09,theapplehub,iphones could soon cost up to in the us due to tariffs iphone prices could rise by meaning the base iphone model could start at and the most expensive iphone pro max model could cost up to source,431,1130,7690,669,1407193,317,9920,-0.23125,0.11963341248123854
1908894708929348082,apple,2025-04-09,theapplehub,the iphone pro will reportedly not feature a particularly bold new look the front will be quite similar to the pro however the back will feature a new larger camera design source,152,310,4085,297,318263,253,4844,0.101010101010101,0.04490822752329028
1908903287568347542,apple,2025-04-09,theapplehub,apple is reportedly working on a major th anniversary redesign for the iphone pro alongside a foldable iphone the new design will make a more extensive use of glass source,115,159,2850,206,199445,169,3330,0.13977272727272727,0.06823719387462286
1909525124652712408,apple,2025-04-09,theapplehub,this is allegedly our first look at the new ios design do you like the new design source,458,535,6847,661,433457,284,8501,0.10568181818181818,0.031535712964284396
1909615214754250808,apple,2025-04-09,theapplehub,the iphone pro models will reportedly feature the ability to record front and rearfacing video at the same time the feature is expected to be exclusive to the iphone pro models source,164,285,4375,263,259335,310,5087,-0.05,0.09470360660780483
1909653502126965241,apple,2025-04-09,theapplehub,is your iphones battery life better or worse with ios,553,213,5226,196,461940,453,6188,0.04999999999999999,0.001964485418689202
1909687808060711266,apple,2025-04-09,theapplehub,president trump believes apple could manufacture iphones in the us according to press secretary karoline leavitt should apple manufacture iphones in the us,341,195,2557,139,298311,444,3232,0.0,0.11168069513952565
1899324377222754798,apple,2025-04-10,theapplehub,ios will reportedly introduce the biggest design change since ios source,293,597,8296,402,530676,338,9588,0.0,0.09513472693861916
1900268631302561880,apple,2025-04-10,theapplehub,what is your iphones battery health,1266,589,6533,477,1860869,286,8865,0.0,0.055244864501409
1900644023263785029,apple,2025-04-10,theapplehub,how many apple watch models have you owned,724,672,5882,689,597447,432,7967,0.5,0.09377904435386188
1901104788986884366,apple,2025-04-10,theapplehub,iphone users would you ever switch to an android phone,1975,444,6899,468,971832,447,9786,0.0,0.07913477976936784
1901366641205883040,apple,2025-04-10,theapplehub,iphone air latest details would you buy one source,483,580,6251,606,618455,372,7920,0.5,0.060805872708574515
1902070769057984962,apple,2025-04-10,theapplehub,iphone pro latest details and sizes a chip nm gb of ram new rectangular camera design three mp rear cameras source analyst jeff pu,315,684,8212,650,633097,369,9861,0.3181818181818182,0.019716362991156377
1902821171281924441,apple,2025-04-10,theapplehub,apple is reportedly losing billion annually on apple tv are you subscribed to apple tv source,373,187,3501,171,371664,446,4232,0.0,0.1487359217579806
1904599592739787142,apple,2025-04-10,theapplehub,apple has officially announced set to start on june apple is expected to introduce ios at the event,76,457,4962,183,251006,152,5678,-0.1,0.18609547885826294
1905416454033534977,apple,2025-04-10,theapplehub,iphone pro vs the rumored iphone pro design,225,389,5509,327,472745,344,6450,0.0,-0.013374877366874314
1905530532047593835,apple,2025-04-10,theapplehub,what new features do you want to see in ios,457,217,4896,150,415242,456,5720,0.13636363636363635,0.09506603344159148
1906767774351077666,apple,2025-04-10,theapplehub,these are the new emoji available today with ios which one is your favorite,272,632,5851,353,444663,246,7108,0.34545454545454546,0.04213878651378652
1906886073839743256,apple,2025-04-10,theapplehub,ios will reportedly support these iphone models the iphone xs iphone xs max and iphone xr will not be supported,470,2721,18298,1165,1315882,177,22654,0.0,0.11645370097074642
1907100695549059510,apple,2025-04-10,theapplehub,today apple has introduced a new sky blue color for the iphone pro and iphone pro max you can order the new color on april th and will be available on april th now make sure to check the alttext on the image,255,702,7465,458,536964,231,8880,0.2595454545454546,0.09615212539157136
1908894708929348082,apple,2025-04-10,theapplehub,the iphone pro will reportedly not feature a particularly bold new look the front will be quite similar to the pro however the back will feature a new larger camera design source,154,312,4094,297,320408,239,4857,0.101010101010101,0.047357118807118806
1908903287568347542,apple,2025-04-10,theapplehub,apple is reportedly working on a major th anniversary redesign for the iphone pro alongside a foldable iphone the new design will make a more extensive use of glass source,117,161,2861,206,200418,209,3345,0.13977272727272727,0.08663663648999545
1909525124652712408,apple,2025-04-10,theapplehub,this is allegedly our first look at the new ios design do you like the new design source,465,552,6982,668,442656,300,8667,0.10568181818181818,-0.0346402701292157
1909615214754250808,apple,2025-04-10,theapplehub,the iphone pro models will reportedly feature the ability to record front and rearfacing video at the same time the feature is expected to be exclusive to the iphone pro models source,168,294,4461,263,267152,313,5186,-0.05,0.1012854958531867
1909653502126965241,apple,2025-04-10,theapplehub,is your iphones battery life better or worse with ios,578,231,5498,207,490230,414,6514,0.04999999999999999,-0.01851516158299695
1909687808060711266,apple,2025-04-10,theapplehub,president trump believes apple could manufacture iphones in the us according to press secretary karoline leavitt should apple manufacture iphones in the us,354,204,2638,144,307307,425,3340,0.0,0.09644162118320897
1897050446113747118,apple,2025-04-11,theapplehub,old vs new,396,518,8725,339,584400,394,9978,0.11818181818181818,0.09034106610539731
1897287137604817350,apple,2025-04-11,theapplehub,apple has launched the new m macbook air with a new sky blue color now starting at you can order today and will be available on march,128,960,9251,569,545442,115,10908,0.13454545454545455,0.07975957064202559
1897297936473841895,apple,2025-04-11,theapplehub,apple has officially discontinued the m and m macbook air,72,222,4196,144,290097,53,4634,0.0,0.0802123273551845
1899137596342915423,apple,2025-04-11,theapplehub,its going to be a big year for the iphone,333,320,5597,297,461539,444,6547,0.0,-0.04958879697533673
1899324377222754798,apple,2025-04-11,theapplehub,ios will reportedly introduce the biggest design change since ios source,293,599,8295,400,531180,442,9587,0.0,0.08657145800910236
1900268631302561880,apple,2025-04-11,theapplehub,what is your iphones battery health,1264,591,6536,477,1861708,141,8868,0.0,0.09626548156335389
1900644023263785029,apple,2025-04-11,theapplehub,how many apple watch models have you owned,724,676,5880,693,598024,436,7973,0.5,0.07901535094716913
1901104788986884366,apple,2025-04-11,theapplehub,iphone users would you ever switch to an android phone,1976,446,6899,469,972528,450,9790,0.0,0.09728556459645665
1901366641205883040,apple,2025-04-11,theapplehub,iphone air latest details would you buy one source,484,580,6255,609,619254,43,7928,0.5,0.09854399476492501
1902070769057984962,apple,2025-04-11,theapplehub,iphone pro latest details and sizes a chip nm gb of ram new rectangular camera design three mp rear cameras source analyst jeff pu,315,688,8215,649,634088,394,9867,0.3181818181818182,-0.0008131218253326114
1902821171281924441,apple,2025-04-11,theapplehub,apple is reportedly losing billion annually on apple tv are you subscribed to apple tv source,372,187,3503,172,372601,340,4234,0.0,0.1550987650742115
1904599592739787142,apple,2025-04-11,theapplehub,apple has officially announced set to start on june apple is expected to introduce ios at the event,76,457,4967,184,252132,154,5684,-0.1,0.17643009105899732
1905416454033534977,apple,2025-04-11,theapplehub,iphone pro vs the rumored iphone pro design,225,390,5520,330,474070,338,6465,0.0,-0.013024747917385948
1905530532047593835,apple,2025-04-11,theapplehub,what new features do you want to see in ios,458,218,4905,149,416480,453,5730,0.13636363636363635,0.09940330865555583
1906767774351077666,apple,2025-04-11,theapplehub,these are the new emoji available today with ios which one is your favorite,273,634,5856,350,446368,286,7113,0.34545454545454546,0.04088046495489243
1906886073839743256,apple,2025-04-11,theapplehub,ios will reportedly support these iphone models the iphone xs iphone xs max and iphone xr will not be supported,470,2727,18324,1165,1318033,356,22686,0.0,0.09913459709663147
1907100695549059510,apple,2025-04-11,theapplehub,today apple has introduced a new sky blue color for the iphone pro and iphone pro max you can order the new color on april th and will be available on april th now make sure to check the alttext on the image,256,704,7478,458,539575,138,8896,0.2595454545454546,0.04642542492849413
1908894708929348082,apple,2025-04-11,theapplehub,the iphone pro will reportedly not feature a particularly bold new look the front will be quite similar to the pro however the back will feature a new larger camera design source,155,315,4109,299,325120,266,4878,0.101010101010101,0.04073933066492591
1908903287568347542,apple,2025-04-11,theapplehub,apple is reportedly working on a major th anniversary redesign for the iphone pro alongside a foldable iphone the new design will make a more extensive use of glass source,118,165,2882,207,204231,168,3372,0.13977272727272727,0.0742008648960232
1909525124652712408,apple,2025-04-11,theapplehub,this is allegedly our first look at the new ios design do you like the new design source,468,552,7009,665,449466,286,8694,0.10568181818181818,-0.04464882043618698
1909615214754250808,apple,2025-04-11,theapplehub,the iphone pro models will reportedly feature the ability to record front and rearfacing video at the same time the feature is expected to be exclusive to the iphone pro models source,172,304,4518,266,282107,178,5260,-0.05,0.09293705726092089
1909653502126965241,apple,2025-04-11,theapplehub,is your iphones battery life better or worse with ios,598,239,5665,213,508295,444,6715,0.04999999999999999,-0.011510597503825498
1909687808060711266,apple,2025-04-11,theapplehub,president trump believes apple could manufacture iphones in the us according to press secretary karoline leavitt should apple manufacture iphones in the us,362,209,2721,147,317954,462,3439,0.0,0.10541206700692336
1908894708929348082,apple,2025-04-12,theapplehub,the iphone pro will reportedly not feature a particularly bold new look the front will be quite similar to the pro however the back will feature a new larger camera design source,157,319,4134,300,330504,244,4910,0.101010101010101,0.052339075666997754
1908903287568347542,apple,2025-04-12,theapplehub,apple is reportedly working on a major th anniversary redesign for the iphone pro alongside a foldable iphone the new design will make a more extensive use of glass source,118,168,2911,210,209529,163,3407,0.13977272727272727,0.06994539232820482
1909525124652712408,apple,2025-04-12,theapplehub,this is allegedly our first look at the new ios design do you like the new design source,467,555,7043,663,457035,341,8728,0.10568181818181818,0.028788286239151018
1909615214754250808,apple,2025-04-12,theapplehub,the iphone pro models will reportedly feature the ability to record front and rearfacing video at the same time the feature is expected to be exclusive to the iphone pro models source,176,311,4554,272,293882,103,5313,-0.05,0.15938642695956526
1909653502126965241,apple,2025-04-12,theapplehub,is your iphones battery life better or worse with ios,602,242,5714,217,519809,300,6775,0.04999999999999999,0.005850861788361781
1909687808060711266,apple,2025-04-12,theapplehub,president trump believes apple could manufacture iphones in the us according to press secretary karoline leavitt should apple manufacture iphones in the us,370,217,2765,147,326519,273,3499,0.0,0.11354951773165073
1906767774351077666,apple,2025-04-13,theapplehub,these are the new emoji available today with ios which one is your favorite,274,638,5868,350,449034,248,7130,0.34545454545454546,0.03034970238095238
1906886073839743256,apple,2025-04-13,theapplehub,ios will reportedly support these iphone models the iphone xs iphone xs max and iphone xr will not be supported,470,2730,18329,1165,1321580,351,22694,0.0,0.0880068018222088
1907100695549059510,apple,2025-04-13,theapplehub,today apple has introduced a new sky blue color for the iphone pro and iphone pro max you can order the new color on april th and will be available on april th now make sure to check the alttext on the image,256,707,7487,459,543938,193,8909,0.2595454545454546,0.10701446411661257
1908894708929348082,apple,2025-04-13,theapplehub,the iphone pro will reportedly not feature a particularly bold new look the front will be quite similar to the pro however the back will feature a new larger camera design source,157,319,4133,301,331445,245,4910,0.101010101010101,0.04878944255553697
1908903287568347542,apple,2025-04-13,theapplehub,apple is reportedly working on a major th anniversary redesign for the iphone pro alongside a foldable iphone the new design will make a more extensive use of glass source,118,168,2912,211,210303,208,3409,0.13977272727272727,0.08327515940186839
1909525124652712408,apple,2025-04-13,theapplehub,this is allegedly our first look at the new ios design do you like the new design source,468,557,7046,665,458414,367,8736,0.10568181818181818,0.036900316187080895
1909615214754250808,apple,2025-04-13,theapplehub,the iphone pro models will reportedly feature the ability to record front and rearfacing video at the same time the feature is expected to be exclusive to the iphone pro models source,176,311,4562,275,295008,264,5324,-0.05,0.10184464091937737
1909653502126965241,apple,2025-04-13,theapplehub,is your iphones battery life better or worse with ios,604,243,5720,218,521889,448,6785,0.04999999999999999,0.022536963612496123
1909687808060711266,apple,2025-04-13,theapplehub,president trump believes apple could manufacture iphones in the us according to press secretary karoline leavitt should apple manufacture iphones in the us,370,218,2768,149,327747,425,3505,0.0,0.08521816322927576
1897050446113747118,apple,2025-04-14,theapplehub,old vs new,395,520,8714,337,585106,353,9966,0.11818181818181818,0.10776018320233745
1897287137604817350,apple,2025-04-14,theapplehub,apple has launched the new m macbook air with a new sky blue color now starting at you can order today and will be available on march,128,963,9246,568,546379,97,10905,0.13454545454545455,0.08429510238438809
1897297936473841895,apple,2025-04-14,theapplehub,apple has officially discontinued the m and m macbook air,71,222,4196,143,290864,86,4632,0.0,0.09533896059359023
1899137596342915423,apple,2025-04-14,theapplehub,its going to be a big year for the iphone,333,320,5594,295,462548,404,6542,0.0,-0.04796674436053399
1899324377222754798,apple,2025-04-14,theapplehub,ios will reportedly introduce the biggest design change since ios source,292,598,8294,401,532239,283,9585,0.0,0.07274150521894206
1900268631302561880,apple,2025-04-14,theapplehub,what is your iphones battery health,1260,593,6534,476,1864228,253,8863,0.0,0.10063955191073835
1900644023263785029,apple,2025-04-14,theapplehub,how many apple watch models have you owned,724,675,5884,691,599258,379,7974,0.5,0.10057587988143543
1901104788986884366,apple,2025-04-14,theapplehub,iphone users would you ever switch to an android phone,1977,446,6894,469,974006,400,9786,0.0,0.08434247615868512
1901366641205883040,apple,2025-04-14,theapplehub,iphone air latest details would you buy one source,481,580,6252,608,621203,310,7921,0.5,0.07495277756288779
1902070769057984962,apple,2025-04-14,theapplehub,iphone pro latest details and sizes a chip nm gb of ram new rectangular camera design three mp rear cameras source analyst jeff pu,313,689,8225,647,636714,314,9874,0.3181818181818182,0.012531262196584788
1902821171281924441,apple,2025-04-14,theapplehub,apple is reportedly losing billion annually on apple tv are you subscribed to apple tv source,371,188,3501,173,374549,384,4233,0.0,0.14639626255071284
1904599592739787142,apple,2025-04-14,theapplehub,apple has officially announced set to start on june apple is expected to introduce ios at the event,76,458,4971,181,254499,110,5686,-0.1,0.1865521750385032
1905416454033534977,apple,2025-04-14,theapplehub,iphone pro vs the rumored iphone pro design,226,392,5548,328,477843,339,6494,0.0,-0.012851555625945869
1905530532047593835,apple,2025-04-14,theapplehub,what new features do you want to see in ios,458,219,4902,148,418996,388,5727,0.13636363636363635,0.09440390228183963
1906767774351077666,apple,2025-04-14,theapplehub,these are the new emoji available today with ios which one is your favorite,274,636,5862,348,449797,279,7120,0.34545454545454546,0.042385989340040724
1906886073839743256,apple,2025-04-14,theapplehub,ios will reportedly support these iphone models the iphone xs iphone xs max and iphone xr will not be supported,470,2730,18328,1164,1322569,270,22692,0.0,0.09153227702385004
1907100695549059510,apple,2025-04-14,theapplehub,today apple has introduced a new sky blue color for the iphone pro and iphone pro max you can order the new color on april th and will be available on april th now make sure to check the alttext on the image,256,708,7486,460,545048,247,8910,0.2595454545454546,0.08935377699424847
1908308060239786068,apple,2025-04-14,theapplehub,iphones could soon cost up to in the us due to tariffs iphone prices could rise by meaning the base iphone model could start at and the most expensive iphone pro max model could cost up to source,433,1148,7754,669,1493753,324,10004,-0.23125,0.08175941618469013
1908894708929348082,apple,2025-04-14,theapplehub,the iphone pro will reportedly not feature a particularly bold new look the front will be quite similar to the pro however the back will feature a new larger camera design source,157,318,4135,303,332980,242,4913,0.101010101010101,0.032153434406723885
1908903287568347542,apple,2025-04-14,theapplehub,apple is reportedly working on a major th anniversary redesign for the iphone pro alongside a foldable iphone the new design will make a more extensive use of glass source,118,169,2920,212,211584,167,3419,0.13977272727272727,0.07484775472244012
1909525124652712408,apple,2025-04-14,theapplehub,this is allegedly our first look at the new ios design do you like the new design source,468,557,7048,667,460737,271,8740,0.10568181818181818,0.03682121155753969
1909615214754250808,apple,2025-04-14,theapplehub,the iphone pro models will reportedly feature the ability to record front and rearfacing video at the same time the feature is expected to be exclusive to the iphone pro models source,177,311,4563,276,296853,191,5327,-0.05,0.10714122410327767
1909653502126965241,apple,2025-04-14,theapplehub,is your iphones battery life better or worse with ios,604,243,5726,218,525433,368,6791,0.04999999999999999,-0.016183541351810587
1909687808060711266,apple,2025-04-14,theapplehub,president trump believes apple could manufacture iphones in the us according to press secretary karoline leavitt should apple manufacture iphones in the us,371,219,2777,149,329714,223,3516,0.0,0.07712952331282164
1897050446113747118,apple,2025-04-15,theapplehub,old vs new,394,519,8721,337,585320,343,9971,0.11818181818181818,0.09404916236761476
1897287137604817350,apple,2025-04-15,theapplehub,apple has launched the new m macbook air with a new sky blue color now starting at you can order today and will be available on march,128,960,9248,569,546666,128,10905,0.13454545454545455,0.08540027399848829
1897297936473841895,apple,2025-04-15,theapplehub,apple has officially discontinued the m and m macbook air,71,221,4198,143,291068,89,4633,0.0,0.0999943797733432
1899137596342915423,apple,2025-04-15,theapplehub,its going to be a big year for the iphone,333,321,5596,295,462801,361,6545,0.0,-0.05154100423617966
1899324377222754798,apple,2025-04-15,theapplehub,ios will reportedly introduce the biggest design change since ios source,292,597,8295,401,532508,238,9585,0.0,0.0869660290784745
1900268631302561880,apple,2025-04-15,theapplehub,what is your iphones battery health,1260,593,6534,475,1865032,268,8862,0.0,0.12224108198278814
1900644023263785029,apple,2025-04-15,theapplehub,how many apple watch models have you owned,724,675,5888,691,599601,321,7978,0.5,0.10129908400262018
1901104788986884366,apple,2025-04-15,theapplehub,iphone users would you ever switch to an android phone,1976,445,6893,467,974384,386,9781,0.0,0.09115001958140012
1901366641205883040,apple,2025-04-15,theapplehub,iphone air latest details would you buy one source,480,580,6255,608,621685,311,7923,0.5,0.0757333981880198
1902070769057984962,apple,2025-04-15,theapplehub,iphone pro latest details and sizes a chip nm gb of ram new rectangular camera design three mp rear cameras source analyst jeff pu,312,689,8224,646,637405,342,9871,0.3181818181818182,0.014648526017929007
1902821171281924441,apple,2025-04-15,theapplehub,apple is reportedly losing billion annually on apple tv are you subscribed to apple tv source,371,187,3501,173,375012,395,4232,0.0,0.13404505910755912
1904599592739787142,apple,2025-04-15,theapplehub,apple has officially announced set to start on june apple is expected to introduce ios at the event,76,456,4971,180,255067,88,5683,-0.1,0.18464660997887655
1905416454033534977,apple,2025-04-15,theapplehub,iphone pro vs the rumored iphone pro design,226,395,5547,328,478509,351,6496,0.0,-0.012082526462162957
1905530532047593835,apple,2025-04-15,theapplehub,what new features do you want to see in ios,458,219,4904,148,419556,137,5729,0.13636363636363635,0.0749329794293298
1906767774351077666,apple,2025-04-15,theapplehub,these are the new emoji available today with ios which one is your favorite,274,634,5867,347,450665,340,7122,0.34545454545454546,0.041781783634389495
1906886073839743256,apple,2025-04-15,theapplehub,ios will reportedly support these iphone models the iphone xs iphone xs max and iphone xr will not be supported,470,2726,18333,1158,1323702,238,22687,0.0,0.08095826056394725
1907100695549059510,apple,2025-04-15,theapplehub,today apple has introduced a new sky blue color for the iphone pro and iphone pro max you can order the new color on april th and will be available on april th now make sure to check the alttext on the image,257,707,7493,461,546232,143,8918,0.2595454545454546,0.1082535475127551
1908894708929348082,apple,2025-04-15,theapplehub,the iphone pro will reportedly not feature a particularly bold new look the front will be quite similar to the pro however the back will feature a new larger camera design source,159,318,4137,304,334817,214,4918,0.101010101010101,0.03608227787064421
1908903287568347542,apple,2025-04-15,theapplehub,apple is reportedly working on a major th anniversary redesign for the iphone pro alongside a foldable iphone the new design will make a more extensive use of glass source,118,169,2923,211,212994,174,3421,0.13977272727272727,0.07740169952695154
1909525124652712408,apple,2025-04-15,theapplehub,this is allegedly our first look at the new ios design do you like the new design source,467,559,7056,669,463221,272,8751,0.10568181818181818,0.04190767565767566
1909615214754250808,apple,2025-04-15,theapplehub,the iphone pro models will reportedly feature the ability to record front and rearfacing video at the same time the feature is expected to be exclusive to the iphone pro models source,177,311,4573,276,299049,211,5337,-0.05,0.12354908112720613
1909653502126965241,apple,2025-04-15,theapplehub,is your iphones battery life better or worse with ios,606,245,5737,219,529174,234,6807,0.04999999999999999,0.004763834237087509
1909687808060711266,apple,2025-04-15,theapplehub,president trump believes apple could manufacture iphones in the us according to press secretary karoline leavitt should apple manufacture iphones in the us,370,220,2782,149,331930,386,3521,0.0,0.08099039535805616
1895956013016371291,apple,2025-04-16,theapplehub,the iphone e is beautiful,238,275,4965,112,258759,192,5590,0.85,0.09766912898609327
1897050446113747118,apple,2025-04-16,theapplehub,old vs new,394,519,8715,337,585451,335,9965,0.11818181818181818,0.11525251432069615
1897297936473841895,apple,2025-04-16,theapplehub,apple has officially discontinued the m and m macbook air,71,221,4195,143,291218,52,4630,0.0,0.09090724957912459
1899137596342915423,apple,2025-04-16,theapplehub,its going to be a big year for the iphone,333,321,5598,295,462987,303,6547,0.0,-0.06667848824803711
1899324377222754798,apple,2025-04-16,theapplehub,ios will reportedly introduce the biggest design change since ios source,292,597,8289,400,532705,279,9578,0.0,0.08085231889070842
1900268631302561880,apple,2025-04-16,theapplehub,what is your iphones battery health,1259,593,6535,477,1865514,119,8864,0.0,0.10437524205519895
1900644023263785029,apple,2025-04-16,theapplehub,how many apple watch models have you owned,724,674,5884,689,599876,333,7971,0.5,0.09200501948511502
1901104788986884366,apple,2025-04-16,theapplehub,iphone users would you ever switch to an android phone,1976,444,6891,466,974677,412,9777,0.0,0.044547168788713364
1902821171281924441,apple,2025-04-16,theapplehub,apple is reportedly losing billion annually on apple tv are you subscribed to apple tv source,371,187,3502,173,375341,365,4233,0.0,0.13193894959399105
1904599592739787142,apple,2025-04-16,theapplehub,apple has officially announced set to start on june apple is expected to introduce ios at the event,75,456,4975,181,255497,63,5687,-0.1,0.1853581316723531
1905416454033534977,apple,2025-04-16,theapplehub,iphone pro vs the rumored iphone pro design,226,394,5549,328,478998,204,6497,0.0,0.000967452863179912
1905530532047593835,apple,2025-04-16,theapplehub,what new features do you want to see in ios,457,219,4900,148,419962,424,5724,0.13636363636363635,0.1141790367839581
1906767774351077666,apple,2025-04-16,theapplehub,these are the new emoji available today with ios which one is your favorite,274,636,5870,348,451434,268,7128,0.34545454545454546,0.030393544823232324
1906886073839743256,apple,2025-04-16,theapplehub,ios will reportedly support these iphone models the iphone xs iphone xs max and iphone xr will not be supported,470,2725,18328,1156,1324473,170,22679,0.0,0.08446961596287943
1907100695549059510,apple,2025-04-16,theapplehub,today apple has introduced a new sky blue color for the iphone pro and iphone pro max you can order the new color on april th and will be available on april th now make sure to check the alttext on the image,257,708,7492,461,547138,99,8918,0.2595454545454546,0.07732716286628906
1908894708929348082,apple,2025-04-16,theapplehub,the iphone pro will reportedly not feature a particularly bold new look the front will be quite similar to the pro however the back will feature a new larger camera design source,159,318,4142,303,335946,152,4922,0.101010101010101,0.005032918470418473
1908903287568347542,apple,2025-04-16,theapplehub,apple is reportedly working on a major th anniversary redesign for the iphone pro alongside a foldable iphone the new design will make a more extensive use of glass source,118,169,2923,211,213965,111,3421,0.13977272727272727,0.09812021994610176
1909615214754250808,apple,2025-04-16,theapplehub,the iphone pro models will reportedly feature the ability to record front and rearfacing video at the same time the feature is expected to be exclusive to the iphone pro models source,177,311,4574,277,300636,182,5339,-0.05,0.07507421410799167
1909653502126965241,apple,2025-04-16,theapplehub,is your iphones battery life better or worse with ios,610,244,5740,221,531868,475,6815,0.04999999999999999,-0.0031968736719001026
1909687808060711266,apple,2025-04-16,theapplehub,president trump believes apple could manufacture iphones in the us according to press secretary karoline leavitt should apple manufacture iphones in the us,370,218,2785,150,333589,375,3523,0.0,0.06797547865912806
1895956013016371291,apple,2025-04-17,theapplehub,the iphone e is beautiful,238,275,4967,112,258827,252,5592,0.85,0.09175042050427853
1897050446113747118,apple,2025-04-17,theapplehub,old vs new,394,520,8720,336,585535,241,9970,0.11818181818181818,0.10680778834045165
1897297936473841895,apple,2025-04-17,theapplehub,apple has officially discontinued the m and m macbook air,71,221,4198,142,291305,59,4632,0.0,0.0826582959221848
1899137596342915423,apple,2025-04-17,theapplehub,its going to be a big year for the iphone,332,320,5600,295,463095,333,6547,0.0,-0.10353300608950587
1899324377222754798,apple,2025-04-17,theapplehub,ios will reportedly introduce the biggest design change since ios source,292,595,8292,400,532845,330,9579,0.0,0.09184757881298762
1900268631302561880,apple,2025-04-17,theapplehub,what is your iphones battery health,1259,594,6530,477,1865738,115,8860,0.0,0.08678469723893831
1900644023263785029,apple,2025-04-17,theapplehub,how many apple watch models have you owned,724,673,5887,689,600027,381,7973,0.5,0.09228015907703407
1901104788986884366,apple,2025-04-17,theapplehub,iphone users would you ever switch to an android phone,1975,444,6893,467,974850,379,9779,0.0,0.04800019823457323
1902821171281924441,apple,2025-04-17,theapplehub,apple is reportedly losing billion annually on apple tv are you subscribed to apple tv source,371,188,3503,173,375556,375,4235,0.0,0.10385470293781285
1904599592739787142,apple,2025-04-17,theapplehub,apple has officially announced set to start on june apple is expected to introduce ios at the event,75,457,4979,181,255771,65,5692,-0.1,0.17395150653278174
1905416454033534977,apple,2025-04-17,theapplehub,iphone pro vs the rumored iphone pro design,226,392,5551,327,479282,205,6496,0.0,-0.027662457298936887
1905530532047593835,apple,2025-04-17,theapplehub,what new features do you want to see in ios,457,220,4901,149,420228,385,5727,0.13636363636363635,0.107408851345656
1906767774351077666,apple,2025-04-17,theapplehub,these are the new emoji available today with ios which one is your favorite,274,636,5872,350,451987,267,7132,0.34545454545454546,0.036619554924242424
1906886073839743256,apple,2025-04-17,theapplehub,ios will reportedly support these iphone models the iphone xs iphone xs max and iphone xr will not be supported,470,2725,18326,1154,1324959,198,22675,0.0,0.09314909757192921
1907100695549059510,apple,2025-04-17,theapplehub,today apple has introduced a new sky blue color for the iphone pro and iphone pro max you can order the new color on april th and will be available on april th now make sure to check the alttext on the image,258,710,7498,461,547732,135,8927,0.2595454545454546,0.10510757607637408
1908894708929348082,apple,2025-04-17,theapplehub,the iphone pro will reportedly not feature a particularly bold new look the front will be quite similar to the pro however the back will feature a new larger camera design source,159,319,4146,303,336700,104,4927,0.101010101010101,0.015343368752459664
1908903287568347542,apple,2025-04-17,theapplehub,apple is reportedly working on a major th anniversary redesign for the iphone pro alongside a foldable iphone the new design will make a more extensive use of glass source,118,170,2928,212,214721,96,3428,0.13977272727272727,0.08294859190737425
1909615214754250808,apple,2025-04-17,theapplehub,the iphone pro models will reportedly feature the ability to record front and rearfacing video at the same time the feature is expected to be exclusive to the iphone pro models source,176,311,4580,275,301685,178,5342,-0.05,0.06716446931242752
1909653502126965241,apple,2025-04-17,theapplehub,is your iphones battery life better or worse with ios,611,246,5748,222,533692,508,6827,0.04999999999999999,0.00820156313548112
1909687808060711266,apple,2025-04-17,theapplehub,president trump believes apple could manufacture iphones in the us according to press secretary karoline leavitt should apple manufacture iphones in the us,370,219,2789,151,335032,301,3529,0.0,0.06335455434504153
1905530532047593835,apple,2025-04-18,theapplehub,what new features do you want to see in ios,457,220,4901,149,420759,150,5727,0.13636363636363635,0.08306241702741704
1906767774351077666,apple,2025-04-18,theapplehub,these are the new emoji available today with ios which one is your favorite,274,636,5873,351,452803,201,7134,0.34545454545454546,0.0550753367003367
1906886073839743256,apple,2025-04-18,theapplehub,ios will reportedly support these iphone models the iphone xs iphone xs max and iphone xr will not be supported,470,2724,18325,1152,1325986,247,22671,0.0,0.0815608676791528
1907100695549059510,apple,2025-04-18,theapplehub,today apple has introduced a new sky blue color for the iphone pro and iphone pro max you can order the new color on april th and will be available on april th now make sure to check the alttext on the image,258,707,7493,462,548932,125,8920,0.2595454545454546,0.061689712490493744
1908308060239786068,apple,2025-04-18,theapplehub,iphones could soon cost up to in the us due to tariffs iphone prices could rise by meaning the base iphone model could start at and the most expensive iphone pro max model could cost up to source,435,1155,7758,664,1502161,240,10012,-0.23125,0.0982314511399869
1908894708929348082,apple,2025-04-18,theapplehub,the iphone pro will reportedly not feature a particularly bold new look the front will be quite similar to the pro however the back will feature a new larger camera design source,159,319,4147,304,338036,161,4929,0.101010101010101,0.033481838169338175
1908903287568347542,apple,2025-04-18,theapplehub,apple is reportedly working on a major th anniversary redesign for the iphone pro alongside a foldable iphone the new design will make a more extensive use of glass source,118,171,2930,213,216012,77,3432,0.13977272727272727,0.07783465232683984
1909525124652712408,apple,2025-04-18,theapplehub,this is allegedly our first look at the new ios design do you like the new design source,467,562,7069,666,467985,285,8764,0.10568181818181818,0.0276795448287084
1909615214754250808,apple,2025-04-18,theapplehub,the iphone pro models will reportedly feature the ability to record front and rearfacing video at the same time the feature is expected to be exclusive to the iphone pro models source,176,313,4583,278,303322,173,5350,-0.05,0.0954463483565046
1909653502126965241,apple,2025-04-18,theapplehub,is your iphones battery life better or worse with ios,613,247,5754,223,536219,353,6837,0.04999999999999999,-0.0415969652959266
1909687808060711266,apple,2025-04-18,theapplehub,president trump believes apple could manufacture iphones in the us according to press secretary karoline leavitt should apple manufacture iphones in the us,369,222,2790,150,336953,348,3531,0.0,0.08182380802713829
1907055353742700718,nintendo,2025-04-09,NintendoAmerica,join us tomorrow april nd at am pt for a closer look at the nintendo switch livestream will be approximately minutes long watch it here,1428,16309,55003,4141,12866057,251,76881,-0.15,0.06072609403727979
1907419620601913624,nintendo,2025-04-09,NintendoAmerica,drive virtually everywhere in mario kart world a brandnew mario kart game releasing exclusively on as a launch title,825,12257,42713,3977,5398488,435,59772,-0.5,0.03464187470304086
1907424168351568146,nintendo,2025-04-09,NintendoAmerica,explore the new system through tech demos minigames and quizzes with nintendo switch welcome tour a paid downloadable launch title for,2566,3589,10657,1095,10253523,362,17907,0.4681818181818182,0.07429348931491789
1907428808707166332,nintendo,2025-04-09,NintendoAmerica,experience the untold story of the imprisoning war when hyrule warriors age of imprisonment releases exclusively on this winter,266,4541,13515,919,810855,278,19241,0.0,0.05919420080334259
1907429151239184662,nintendo,2025-04-09,NintendoAmerica,classic nintendo gamecube games are coming exclusively to for nintendo switch online expansion pack members the legend of zelda the wind waker soulcalibur ii fzero gx,1112,8356,31304,1874,2372444,317,42646,0.20833333333333331,0.12122856924854027
1907431379404472388,nintendo,2025-04-09,NintendoAmerica,were not done yet there are even more games heading to from our publishing and developing partners like nba k borderlands cyberpunk ultimate edition and more,146,1572,7086,504,540542,161,9308,0.375,0.09887895091020092
1907432474759569770,nintendo,2025-04-09,NintendoAmerica,the duskbloods a brandnew multiplayer game by fromsoftware is coming exclusively to in,638,9666,34534,2828,3244127,313,47666,-0.5,-0.0007975394785808447
1907433239486067123,nintendo,2025-04-09,NintendoAmerica,kirby air riders a brandnew title directed by masahiro sakurai is coming exclusively to in,637,11187,34667,1978,2390234,384,48469,0.0,0.07958883876901456
1907815451196830025,nintendo,2025-04-09,NintendoAmerica,for dk theres always a way forward and that way often involves punching stuff check out nintendo treehouse live nintendo switch,362,1310,10410,723,1753895,152,12805,0.13636363636363635,0.048197771635271634
1907821315546837470,nintendo,2025-04-09,NintendoAmerica,metroid prime beyond nintendo switch edition joycon mouse controls day of the nintendo treehouse live nintendo switch continues,377,1410,8948,617,1334007,206,11352,0.13636363636363635,0.07957257395382396
1907825530369462311,nintendo,2025-04-09,NintendoAmerica,heavy is the head that wears the crown day of the nintendo treehouse live nintendo switch continues,475,369,3048,198,413309,356,4090,-0.03181818181818183,-0.04477151106654782
1907847148089258055,nintendo,2025-04-09,NintendoAmerica,tied it up with a dunk a round of applause for our drag x drive competitors day of nintendo treehouse live nintendo switch continues,264,178,1364,66,244401,219,1872,-0.054545454545454564,-0.020574995804706623
1907847290397597751,nintendo,2025-04-09,NintendoAmerica,when dk climbs them are they monkey bars or donkey bars day of nintendo treehouse live nintendo switch continues,352,577,5376,335,528290,381,6640,0.043181818181818175,0.020981263589574216
1907864502332182905,nintendo,2025-04-09,NintendoAmerica,take in all the sights and sounds of korok forest with the legend of zelda breath of the wild nintendo switch edition tune in at am pt tomorrow for day of nintendo treehouse live nintendo switch,777,1493,13355,1260,1674839,428,16885,0.13522727272727272,0.04356593808144196
1907431379404472388,nintendo,2025-04-10,NintendoAmerica,were not done yet there are even more games heading to from our publishing and developing partners like nba k borderlands cyberpunk ultimate edition and more,146,1572,7090,504,541022,184,9312,0.375,0.04367926068345063
1907432474759569770,nintendo,2025-04-10,NintendoAmerica,the duskbloods a brandnew multiplayer game by fromsoftware is coming exclusively to in,638,9664,34534,2824,3249957,334,47660,-0.5,-0.022409415563964884
1907433239486067123,nintendo,2025-04-10,NintendoAmerica,kirby air riders a brandnew title directed by masahiro sakurai is coming exclusively to in,637,11185,34670,1978,2396280,373,48470,0.0,0.07176749864718615
1907815451196830025,nintendo,2025-04-10,NintendoAmerica,for dk theres always a way forward and that way often involves punching stuff check out nintendo treehouse live nintendo switch,364,1313,10411,723,1755554,178,12811,0.13636363636363635,-0.006665070242656455
1907821315546837470,nintendo,2025-04-10,NintendoAmerica,metroid prime beyond nintendo switch edition joycon mouse controls day of the nintendo treehouse live nintendo switch continues,378,1412,8958,616,1335625,197,11364,0.13636363636363635,0.07526297945800564
1907825530369462311,nintendo,2025-04-10,NintendoAmerica,heavy is the head that wears the crown day of the nintendo treehouse live nintendo switch continues,476,368,3050,197,414481,413,4091,-0.03181818181818183,-0.04422436275047034
1907847148089258055,nintendo,2025-04-10,NintendoAmerica,tied it up with a dunk a round of applause for our drag x drive competitors day of nintendo treehouse live nintendo switch continues,264,178,1365,66,245546,255,1873,-0.054545454545454564,-0.05015713427600295
1907847290397597751,nintendo,2025-04-10,NintendoAmerica,when dk climbs them are they monkey bars or donkey bars day of nintendo treehouse live nintendo switch continues,353,579,5384,335,529582,394,6651,0.043181818181818175,0.014307494000052746
1907864502332182905,nintendo,2025-04-10,NintendoAmerica,take in all the sights and sounds of korok forest with the legend of zelda breath of the wild nintendo switch edition tune in at am pt tomorrow for day of nintendo treehouse live nintendo switch,778,1491,13367,1257,1676877,219,16893,0.13522727272727272,0.05526938679512209
1907055353742700718,nintendo,2025-04-11,NintendoAmerica,join us tomorrow april nd at am pt for a closer look at the nintendo switch livestream will be approximately minutes long watch it here,1428,16306,54997,4120,12904687,355,76851,-0.15,0.07539680019013592
1907419620601913624,nintendo,2025-04-11,NintendoAmerica,drive virtually everywhere in mario kart world a brandnew mario kart game releasing exclusively on as a launch title,826,12256,42714,3961,5413967,416,59757,-0.5,0.03604739623963529
1907424168351568146,nintendo,2025-04-11,NintendoAmerica,explore the new system through tech demos minigames and quizzes with nintendo switch welcome tour a paid downloadable launch title for,2570,3595,10667,1096,10266953,347,17928,0.4681818181818182,0.041092358953150644
1907428808707166332,nintendo,2025-04-11,NintendoAmerica,experience the untold story of the imprisoning war when hyrule warriors age of imprisonment releases exclusively on this winter,266,4541,13526,915,814280,249,19248,0.0,0.06776667106236434
1907429151239184662,nintendo,2025-04-11,NintendoAmerica,classic nintendo gamecube games are coming exclusively to for nintendo switch online expansion pack members the legend of zelda the wind waker soulcalibur ii fzero gx,1111,8360,31309,1870,2386779,335,42650,0.20833333333333331,0.09168782844016489
1907431379404472388,nintendo,2025-04-11,NintendoAmerica,were not done yet there are even more games heading to from our publishing and developing partners like nba k borderlands cyberpunk ultimate edition and more,146,1573,7095,503,541878,201,9317,0.375,0.06624115789708573
1907432474759569770,nintendo,2025-04-11,NintendoAmerica,the duskbloods a brandnew multiplayer game by fromsoftware is coming exclusively to in,638,9661,34528,2818,3262335,291,47645,-0.5,0.015405828878291112
1907433239486067123,nintendo,2025-04-11,NintendoAmerica,kirby air riders a brandnew title directed by masahiro sakurai is coming exclusively to in,640,11209,34753,1984,2476368,389,48586,0.0,0.061592089876861905
1907815451196830025,nintendo,2025-04-11,NintendoAmerica,for dk theres always a way forward and that way often involves punching stuff check out nintendo treehouse live nintendo switch,365,1313,10420,722,1758348,152,12820,0.13636363636363635,0.08308787683787684
1907821315546837470,nintendo,2025-04-11,NintendoAmerica,metroid prime beyond nintendo switch edition joycon mouse controls day of the nintendo treehouse live nintendo switch continues,378,1415,8963,615,1337886,238,11371,0.13636363636363635,0.07289180288102702
1907825530369462311,nintendo,2025-04-11,NintendoAmerica,heavy is the head that wears the crown day of the nintendo treehouse live nintendo switch continues,477,368,3053,197,416035,412,4095,-0.03181818181818183,-0.04564611188740936
1907847148089258055,nintendo,2025-04-11,NintendoAmerica,tied it up with a dunk a round of applause for our drag x drive competitors day of nintendo treehouse live nintendo switch continues,264,179,1370,67,247058,282,1880,-0.054545454545454564,-0.06472277303521362
1907847290397597751,nintendo,2025-04-11,NintendoAmerica,when dk climbs them are they monkey bars or donkey bars day of nintendo treehouse live nintendo switch continues,354,580,5389,335,531354,386,6658,0.043181818181818175,0.012368033189033189
1907864502332182905,nintendo,2025-04-11,NintendoAmerica,take in all the sights and sounds of korok forest with the legend of zelda breath of the wild nintendo switch edition tune in at am pt tomorrow for day of nintendo treehouse live nintendo switch,776,1495,13374,1253,1680050,400,16898,0.13522727272727272,0.04753898069838124
1907815451196830025,nintendo,2025-04-12,NintendoAmerica,for dk theres always a way forward and that way often involves punching stuff check out nintendo treehouse live nintendo switch,365,1314,10422,720,1760891,185,12821,0.13636363636363635,-0.0064648645005788
1907821315546837470,nintendo,2025-04-12,NintendoAmerica,metroid prime beyond nintendo switch edition joycon mouse controls day of the nintendo treehouse live nintendo switch continues,379,1418,8966,614,1340993,374,11377,0.13636363636363635,0.0958006279434851
1907825530369462311,nintendo,2025-04-12,NintendoAmerica,heavy is the head that wears the crown day of the nintendo treehouse live nintendo switch continues,479,369,3051,197,417359,302,4096,-0.03181818181818183,-0.040071889974833665
1907847148089258055,nintendo,2025-04-12,NintendoAmerica,tied it up with a dunk a round of applause for our drag x drive competitors day of nintendo treehouse live nintendo switch continues,265,181,1369,67,248307,100,1882,-0.054545454545454564,-0.005590692640692638
1907847290397597751,nintendo,2025-04-12,NintendoAmerica,when dk climbs them are they monkey bars or donkey bars day of nintendo treehouse live nintendo switch continues,354,582,5392,335,532912,348,6663,0.043181818181818175,0.0342135861583191
1907864502332182905,nintendo,2025-04-12,NintendoAmerica,take in all the sights and sounds of korok forest with the legend of zelda breath of the wild nintendo switch edition tune in at am pt tomorrow for day of nintendo treehouse live nintendo switch,777,1498,13379,1249,1683326,334,16903,0.13522727272727272,0.041212746755676044
1907433239486067123,nintendo,2025-04-13,NintendoAmerica,kirby air riders a brandnew title directed by masahiro sakurai is coming exclusively to in,645,11226,34840,1987,2548801,187,48698,0.0,0.057508864151721295
1907821315546837470,nintendo,2025-04-13,NintendoAmerica,metroid prime beyond nintendo switch edition joycon mouse controls day of the nintendo treehouse live nintendo switch continues,379,1417,8962,614,1341811,43,11372,0.13636363636363635,0.014307359307359314
1907825530369462311,nintendo,2025-04-13,NintendoAmerica,heavy is the head that wears the crown day of the nintendo treehouse live nintendo switch continues,479,367,3052,195,417772,70,4093,-0.03181818181818183,0.009516408836261774
1907847148089258055,nintendo,2025-04-13,NintendoAmerica,tied it up with a dunk a round of applause for our drag x drive competitors day of nintendo treehouse live nintendo switch continues,265,180,1369,67,248671,215,1881,-0.054545454545454564,-0.03102587721656114
1907847290397597751,nintendo,2025-04-13,NintendoAmerica,when dk climbs them are they monkey bars or donkey bars day of nintendo treehouse live nintendo switch continues,354,580,5393,335,533426,229,6662,0.043181818181818175,0.0003324223974908963
1907864502332182905,nintendo,2025-04-13,NintendoAmerica,take in all the sights and sounds of korok forest with the legend of zelda breath of the wild nintendo switch edition tune in at am pt tomorrow for day of nintendo treehouse live nintendo switch,777,1496,13380,1248,1684274,405,16901,0.13522727272727272,0.0313631032104789
1907055353742700718,nintendo,2025-04-14,NintendoAmerica,join us tomorrow april nd at am pt for a closer look at the nintendo switch livestream will be approximately minutes long watch it here,1427,16297,54968,4099,12951464,333,76791,-0.15,0.06175818571803079
1907419620601913624,nintendo,2025-04-14,NintendoAmerica,drive virtually everywhere in mario kart world a brandnew mario kart game releasing exclusively on as a launch title,827,12253,42716,3945,5443593,334,59741,-0.5,0.046611310633260045
1907424168351568146,nintendo,2025-04-14,NintendoAmerica,explore the new system through tech demos minigames and quizzes with nintendo switch welcome tour a paid downloadable launch title for,2567,3594,10662,1092,10284609,327,17915,0.4681818181818182,0.05706118241633465
1907428808707166332,nintendo,2025-04-14,NintendoAmerica,experience the untold story of the imprisoning war when hyrule warriors age of imprisonment releases exclusively on this winter,267,4540,13523,909,818281,230,19239,0.0,0.05136699034452491
1907429151239184662,nintendo,2025-04-14,NintendoAmerica,classic nintendo gamecube games are coming exclusively to for nintendo switch online expansion pack members the legend of zelda the wind waker soulcalibur ii fzero gx,1111,8364,31307,1867,2411303,340,42649,0.20833333333333331,0.11388484784462795
1907431379404472388,nintendo,2025-04-14,NintendoAmerica,were not done yet there are even more games heading to from our publishing and developing partners like nba k borderlands cyberpunk ultimate edition and more,145,1572,7098,502,543418,148,9317,0.375,0.0889533697717151
1907432474759569770,nintendo,2025-04-14,NintendoAmerica,the duskbloods a brandnew multiplayer game by fromsoftware is coming exclusively to in,639,9660,34524,2801,3289766,278,47624,-0.5,0.012905554714520488
1907433239486067123,nintendo,2025-04-14,NintendoAmerica,kirby air riders a brandnew title directed by masahiro sakurai is coming exclusively to in,645,11226,34841,1982,2555430,314,48694,0.0,0.07300982995663345
1907815451196830025,nintendo,2025-04-14,NintendoAmerica,for dk theres always a way forward and that way often involves punching stuff check out nintendo treehouse live nintendo switch,365,1313,10421,716,1763591,233,12815,0.13636363636363635,0.01738686512789652
1907821315546837470,nintendo,2025-04-14,NintendoAmerica,metroid prime beyond nintendo switch edition joycon mouse controls day of the nintendo treehouse live nintendo switch continues,379,1420,8961,613,1342873,352,11373,0.13636363636363635,0.09499468924688866
1907825530369462311,nintendo,2025-04-14,NintendoAmerica,heavy is the head that wears the crown day of the nintendo treehouse live nintendo switch continues,479,367,3054,193,418370,345,4093,-0.03181818181818183,-0.04446458678962422
1907847148089258055,nintendo,2025-04-14,NintendoAmerica,tied it up with a dunk a round of applause for our drag x drive competitors day of nintendo treehouse live nintendo switch continues,265,181,1370,66,249213,207,1882,-0.054545454545454564,-0.01596974729344253
1907847290397597751,nintendo,2025-04-14,NintendoAmerica,when dk climbs them are they monkey bars or donkey bars day of nintendo treehouse live nintendo switch continues,354,582,5394,333,534145,210,6663,0.043181818181818175,0.020810989245690744
1907864502332182905,nintendo,2025-04-14,NintendoAmerica,take in all the sights and sounds of korok forest with the legend of zelda breath of the wild nintendo switch edition tune in at am pt tomorrow for day of nintendo treehouse live nintendo switch,777,1497,13378,1247,1685720,352,16899,0.13522727272727272,0.039255689564355205
1907055353742700718,nintendo,2025-04-15,NintendoAmerica,join us tomorrow april nd at am pt for a closer look at the nintendo switch livestream will be approximately minutes long watch it here,1426,16290,54956,4090,12965612,312,76762,-0.15,0.05239144273259336
1907419620601913624,nintendo,2025-04-15,NintendoAmerica,drive virtually everywhere in mario kart world a brandnew mario kart game releasing exclusively on as a launch title,827,12255,42713,3934,5452000,316,59729,-0.5,0.025768496249043645
1907424168351568146,nintendo,2025-04-15,NintendoAmerica,explore the new system through tech demos minigames and quizzes with nintendo switch welcome tour a paid downloadable launch title for,2566,3594,10662,1092,10289538,48,17914,0.4681818181818182,0.14114227380184827
1907428808707166332,nintendo,2025-04-15,NintendoAmerica,experience the untold story of the imprisoning war when hyrule warriors age of imprisonment releases exclusively on this winter,268,4540,13522,904,819876,266,19234,0.0,0.050648232323232324
1907429151239184662,nintendo,2025-04-15,NintendoAmerica,classic nintendo gamecube games are coming exclusively to for nintendo switch online expansion pack members the legend of zelda the wind waker soulcalibur ii fzero gx,1111,8364,31311,1860,2421691,183,42646,0.20833333333333331,0.16823299106879153
1907431379404472388,nintendo,2025-04-15,NintendoAmerica,were not done yet there are even more games heading to from our publishing and developing partners like nba k borderlands cyberpunk ultimate edition and more,145,1572,7100,497,544098,148,9314,0.375,0.09992895294154287
1907432474759569770,nintendo,2025-04-15,NintendoAmerica,the duskbloods a brandnew multiplayer game by fromsoftware is coming exclusively to in,638,9657,34517,2795,3298877,241,47607,-0.5,0.025041289594763122
1907433239486067123,nintendo,2025-04-15,NintendoAmerica,kirby air riders a brandnew title directed by masahiro sakurai is coming exclusively to in,645,11226,34847,1979,2562445,311,48697,0.0,0.06257842600875127
1907815451196830025,nintendo,2025-04-15,NintendoAmerica,for dk theres always a way forward and that way often involves punching stuff check out nintendo treehouse live nintendo switch,365,1312,10418,716,1765384,167,12811,0.13636363636363635,0.0538125005532981
1907821315546837470,nintendo,2025-04-15,NintendoAmerica,metroid prime beyond nintendo switch edition joycon mouse controls day of the nintendo treehouse live nintendo switch continues,379,1420,8960,614,1344231,212,11373,0.13636363636363635,0.07132548613737935
1907825530369462311,nintendo,2025-04-15,NintendoAmerica,heavy is the head that wears the crown day of the nintendo treehouse live nintendo switch continues,479,366,3057,193,419195,92,4095,-0.03181818181818183,-0.021317056523022435
1907847148089258055,nintendo,2025-04-15,NintendoAmerica,tied it up with a dunk a round of applause for our drag x drive competitors day of nintendo treehouse live nintendo switch continues,264,179,1372,66,250019,156,1881,-0.054545454545454564,-0.02745559396094212
1907847290397597751,nintendo,2025-04-15,NintendoAmerica,when dk climbs them are they monkey bars or donkey bars day of nintendo treehouse live nintendo switch continues,354,581,5395,333,535108,306,6663,0.043181818181818175,0.02729056056937413
1907864502332182905,nintendo,2025-04-15,NintendoAmerica,take in all the sights and sounds of korok forest with the legend of zelda breath of the wild nintendo switch edition tune in at am pt tomorrow for day of nintendo treehouse live nintendo switch,778,1500,13381,1245,1687470,370,16904,0.13522727272727272,0.03978762156646771
1907055353742700718,nintendo,2025-04-16,NintendoAmerica,join us tomorrow april nd at am pt for a closer look at the nintendo switch livestream will be approximately minutes long watch it here,1426,16290,54939,4084,12976017,183,76739,-0.15,0.08054876686160017
1907419620601913624,nintendo,2025-04-16,NintendoAmerica,drive virtually everywhere in mario kart world a brandnew mario kart game releasing exclusively on as a launch title,827,12257,42713,3930,5457711,162,59727,-0.5,0.06600490643915968
1907424168351568146,nintendo,2025-04-16,NintendoAmerica,explore the new system through tech demos minigames and quizzes with nintendo switch welcome tour a paid downloadable launch title for,2565,3595,10659,1092,10293311,230,17911,0.4681818181818182,0.011489474960596612
1907428808707166332,nintendo,2025-04-16,NintendoAmerica,experience the untold story of the imprisoning war when hyrule warriors age of imprisonment releases exclusively on this winter,268,4541,13521,901,821220,138,19231,0.0,0.04026121117638975
1907429151239184662,nintendo,2025-04-16,NintendoAmerica,classic nintendo gamecube games are coming exclusively to for nintendo switch online expansion pack members the legend of zelda the wind waker soulcalibur ii fzero gx,1111,8366,31311,1861,2428846,201,42649,0.20833333333333331,0.07809282839556277
1907431379404472388,nintendo,2025-04-16,NintendoAmerica,were not done yet there are even more games heading to from our publishing and developing partners like nba k borderlands cyberpunk ultimate edition and more,145,1574,7099,496,544606,75,9314,0.375,0.0652941403834261
1907432474759569770,nintendo,2025-04-16,NintendoAmerica,the duskbloods a brandnew multiplayer game by fromsoftware is coming exclusively to in,638,9658,34515,2794,3305410,218,47605,-0.5,0.0003403604878858739
1907433239486067123,nintendo,2025-04-16,NintendoAmerica,kirby air riders a brandnew title directed by masahiro sakurai is coming exclusively to in,645,11227,34848,1980,2567451,210,48700,0.0,0.086311120014245
1907821315546837470,nintendo,2025-04-16,NintendoAmerica,metroid prime beyond nintendo switch edition joycon mouse controls day of the nintendo treehouse live nintendo switch continues,378,1420,8962,612,1345093,272,11372,0.13636363636363635,0.06262223566527812
1907825530369462311,nintendo,2025-04-16,NintendoAmerica,heavy is the head that wears the crown day of the nintendo treehouse live nintendo switch continues,479,366,3057,193,419705,308,4095,-0.03181818181818183,-0.022185876227817015
1907847148089258055,nintendo,2025-04-16,NintendoAmerica,tied it up with a dunk a round of applause for our drag x drive competitors day of nintendo treehouse live nintendo switch continues,264,180,1372,66,250512,109,1882,-0.054545454545454564,-0.036069723872742696
1907847290397597751,nintendo,2025-04-16,NintendoAmerica,when dk climbs them are they monkey bars or donkey bars day of nintendo treehouse live nintendo switch continues,354,580,5393,333,535695,264,6660,0.043181818181818175,0.0005530140974476967
1907864502332182905,nintendo,2025-04-16,NintendoAmerica,take in all the sights and sounds of korok forest with the legend of zelda breath of the wild nintendo switch edition tune in at am pt tomorrow for day of nintendo treehouse live nintendo switch,778,1499,13377,1243,1688590,273,16897,0.13522727272727272,0.06677544148972721
1907821315546837470,nintendo,2025-04-17,NintendoAmerica,metroid prime beyond nintendo switch edition joycon mouse controls day of the nintendo treehouse live nintendo switch continues,378,1421,8958,612,1345506,313,11369,0.13636363636363635,0.05675644438113396
1907825530369462311,nintendo,2025-04-17,NintendoAmerica,heavy is the head that wears the crown day of the nintendo treehouse live nintendo switch continues,479,366,3055,193,419905,306,4093,-0.03181818181818183,-0.03488004021787245
1907847148089258055,nintendo,2025-04-17,NintendoAmerica,tied it up with a dunk a round of applause for our drag x drive competitors day of nintendo treehouse live nintendo switch continues,264,180,1369,66,250692,140,1879,-0.054545454545454564,-0.065082475911947
1907847290397597751,nintendo,2025-04-17,NintendoAmerica,when dk climbs them are they monkey bars or donkey bars day of nintendo treehouse live nintendo switch continues,354,580,5389,332,535955,284,6655,0.043181818181818175,0.012687624575664143
1907864502332182905,nintendo,2025-04-17,NintendoAmerica,take in all the sights and sounds of korok forest with the legend of zelda breath of the wild nintendo switch edition tune in at am pt tomorrow for day of nintendo treehouse live nintendo switch,778,1501,13372,1242,1689077,236,16893,0.13522727272727272,0.07412843710309147
1907055353742700718,nintendo,2025-04-18,NintendoAmerica,join us tomorrow april nd at am pt for a closer look at the nintendo switch livestream will be approximately minutes long watch it here,1426,16286,54936,4077,12991034,335,76725,-0.15,0.055669317742344744
1907419620601913624,nintendo,2025-04-18,NintendoAmerica,drive virtually everywhere in mario kart world a brandnew mario kart game releasing exclusively on as a launch title,827,12258,42714,3915,5465816,324,59714,-0.5,0.03136747043428253
1907424168351568146,nintendo,2025-04-18,NintendoAmerica,explore the new system through tech demos minigames and quizzes with nintendo switch welcome tour a paid downloadable launch title for,2565,3593,10652,1089,10298101,310,17899,0.4681818181818182,0.04179799905793324
1907428808707166332,nintendo,2025-04-18,NintendoAmerica,experience the untold story of the imprisoning war when hyrule warriors age of imprisonment releases exclusively on this winter,268,4540,13513,902,822644,238,19223,0.0,0.053357251408721995
1907429151239184662,nintendo,2025-04-18,NintendoAmerica,classic nintendo gamecube games are coming exclusively to for nintendo switch online expansion pack members the legend of zelda the wind waker soulcalibur ii fzero gx,1111,8368,31307,1857,2437563,193,42643,0.20833333333333331,0.15840636864842808
1907431379404472388,nintendo,2025-04-18,NintendoAmerica,were not done yet there are even more games heading to from our publishing and developing partners like nba k borderlands cyberpunk ultimate edition and more,145,1574,7095,496,545124,146,9310,0.375,0.07682337895917032
1907432474759569770,nintendo,2025-04-18,NintendoAmerica,the duskbloods a brandnew multiplayer game by fromsoftware is coming exclusively to in,638,9663,34550,2797,3366263,169,47648,-0.5,0.012061133698270981
1907433239486067123,nintendo,2025-04-18,NintendoAmerica,kirby air riders a brandnew title directed by masahiro sakurai is coming exclusively to in,645,11231,34845,1977,2575252,322,48698,0.0,0.07264748680528127
1907815451196830025,nintendo,2025-04-18,NintendoAmerica,for dk theres always a way forward and that way often involves punching stuff check out nintendo treehouse live nintendo switch,365,1313,10418,717,1768146,107,12813,0.13636363636363635,0.0908018289693047
1907821315546837470,nintendo,2025-04-18,NintendoAmerica,metroid prime beyond nintendo switch edition joycon mouse controls day of the nintendo treehouse live nintendo switch continues,378,1422,8960,612,1346148,150,11372,0.13636363636363635,0.06156537045330149
1907825530369462311,nintendo,2025-04-18,NintendoAmerica,heavy is the head that wears the crown day of the nintendo treehouse live nintendo switch continues,479,367,3055,192,420223,173,4093,-0.03181818181818183,-0.06274304475464655
1907847148089258055,nintendo,2025-04-18,NintendoAmerica,tied it up with a dunk a round of applause for our drag x drive competitors day of nintendo treehouse live nintendo switch continues,264,180,1370,66,250951,144,1880,-0.054545454545454564,0.006274249846615266
1907847290397597751,nintendo,2025-04-18,NintendoAmerica,when dk climbs them are they monkey bars or donkey bars day of nintendo treehouse live nintendo switch continues,354,581,5391,332,536329,206,6658,0.043181818181818175,0.014248797498797504
1907864502332182905,nintendo,2025-04-18,NintendoAmerica,take in all the sights and sounds of korok forest with the legend of zelda breath of the wild nintendo switch edition tune in at am pt tomorrow for day of nintendo treehouse live nintendo switch,777,1501,13375,1243,1689821,231,16896,0.13522727272727272,0.06627960581085582
